,Employee_Name,FromDiversityJobFairID,Salary,Termd,Position,State,Zip,DOB,Sex,MaritalDesc,CitizenDesc,HispanicLatino,RaceDesc,DateofHire,DateofTermination,TermReason,EmploymentStatus,Department,ManagerName,RecruitmentSource,PerformanceScore,EngagementSurvey,EmpSatisfaction,SpecialProjectsCount,LastPerformanceReview_Date,DaysLateLast30,Absences
0,"Adinolfi, Wilson  K",0,62506,0,Production Technician I,MA,1960,1983-07-10,M ,Single,US Citizen,No,White,2011-07-05,,,Active,Production,Michael Albert,LinkedIn,Exceeds,4.6,5,0,2019-01-17,0,1
1,"Ait Sidi, Karthikeyan   ",0,104437,1,Sr. DBA,MA,2148,1975-05-05,M ,Married,US Citizen,No,White,2015-03-30,2016-06-16,career change,Voluntarily Terminated,IT/IS,Simon Roup,Indeed,Fully Meets,4.96,3,6,2016-02-24,0,17
2,"Akinkuolie, Sarah",0,64955,1,Production Technician II,MA,1810,1988-09-19,F,Married,US Citizen,No,White,2011-07-05,2012-09-24,hours,Voluntarily Terminated,Production,Kissy Sullivan,LinkedIn,Fully Meets,3.02,3,0,2012-05-15,0,3
3,"Alagbe,Trina",0,64991,0,Production Technician I,MA,1886,1988-09-27,F,Married,US Citizen,No,White,2008-01-07,,,Active,Production,Elijiah Gray,Indeed,Fully Meets,4.84,5,0,2019-01-03,0,15
4,"Anderson, Carol ",0,50825,1,Production Technician I,MA,2169,1989-09-08,F,Divorced,US Citizen,No,White,2011-07-11,2016-09-06,return to school,Voluntarily Terminated,Production,Webster Butler,Google Search,Fully Meets,5.0,4,0,2016-02-01,0,2
5,"Anderson, Linda  ",0,57568,0,Production Technician I,MA,1844,1977-05-22,F,Single,US Citizen,No,White,2012-01-09,,,Active,Production,Amy Dunn,LinkedIn,Exceeds,5.0,5,0,2019-01-07,0,15
6,"Andreola, Colby",0,95660,0,Software Engineer,MA,2110,1979-05-24,F,Single,US Citizen,No,White,2014-11-10,,,Active,Software Engineering,Alex Sweetwater,LinkedIn,Fully Meets,3.04,3,4,2019-01-02,0,19
7,"Athwal, Sam",0,59365,0,Production Technician I,MA,2199,1983-02-18,M ,Widowed,US Citizen,No,White,2013-09-30,,,Active,Production,Ketsia Liebig,Employee Referral,Fully Meets,5.0,4,0,2019-02-25,0,19
8,"Bachiochi, Linda",1,47837,0,Production Technician I,MA,1902,1983-04-26,F,Single,US Citizen,No,Black or African American,2009-07-06,,,Active,Production,Brannon Miller,Diversity Job Fair,Fully Meets,4.46,3,0,2019-01-25,0,4
9,"Bacong, Alejandro ",0,50178,0,IT Support,MA,1886,1988-01-07,M ,Divorced,US Citizen,No,White,2015-01-05,,,Active,IT/IS,Peter Monroe,Indeed,Fully Meets,5.0,5,6,2019-02-18,0,16
10,"Baczenski, Rachael  ",1,54670,1,Production Technician I,MA,1902,1974-01-12,F,Married,US Citizen,Yes,Black or African American,2011-01-10,2017-01-12,Another position,Voluntarily Terminated,Production,David Stanley,Diversity Job Fair,Fully Meets,4.2,4,0,2016-01-30,0,12
11,"Barbara, Thomas",1,47211,1,Production Technician I,MA,2062,1974-02-21,M ,Married,US Citizen,Yes,Black or African American,2012-04-02,2016-09-19,unhappy,Voluntarily Terminated,Production,Kissy Sullivan,Diversity Job Fair,Fully Meets,4.2,3,0,2016-05-06,0,15
12,"Barbossa, Hector",1,92328,0,Data Analyst,TX,78230,1988-07-04,M ,Divorced,US Citizen,No,Black or African American,2014-11-10,,,Active,IT/IS,Simon Roup,Diversity Job Fair,Exceeds,4.28,4,5,2019-02-25,0,9
13,"Barone, Francesco  A",0,58709,0,Production Technician I,MA,1810,1983-07-20,M ,Single,US Citizen,No,Two or more races,2012-02-20,,,Active,Production,Kelley Spirea,Google Search,Fully Meets,4.6,4,0,2019-02-14,0,7
14,"Barton, Nader",0,52505,1,Production Technician I,MA,2747,1977-07-15,M ,Divorced,US Citizen,No,White,2012-09-24,2017-04-06,Another position,Voluntarily Terminated,Production,Michael Albert,On-line Web application,Fully Meets,5.0,5,0,2017-03-02,0,1
15,"Bates, Norman",0,57834,1,Production Technician I,MA,2050,1981-10-18,M ,Single,US Citizen,No,White,2011-02-21,2017-08-04,attendance,Terminated for Cause,Production,Kelley Spirea,Google Search,Fully Meets,5.0,4,0,2017-04-05,0,20
16,"Beak, Kimberly  ",0,70131,0,Production Technician II,MA,2145,1983-04-26,F,Married,US Citizen,No,White,2016-07-21,,,Active,Production,Kelley Spirea,Employee Referral,Exceeds,4.4,3,0,2019-01-14,0,16
17,"Beatrice, Courtney ",0,59026,0,Production Technician I,MA,1915,1983-04-26,F,Single,Eligible NonCitizen,No,White,2011-04-04,,,Active,Production,Elijiah Gray,Google Search,Fully Meets,5.0,5,0,2019-01-14,0,12
18,"Becker, Renee",0,110000,1,Database Administrator,MA,2026,1986-04-04,F,Single,US Citizen,Yes,White,2014-07-07,2015-09-12,performance,Terminated for Cause,IT/IS,Simon Roup,Google Search,Fully Meets,4.5,4,5,2015-01-15,0,8
19,"Becker, Scott",0,53250,0,Production Technician I,MA,2452,1979-04-06,M ,Single,US Citizen,No,Asian,2013-07-08,,,Active,Production,Webster Butler,LinkedIn,Fully Meets,4.2,4,0,2019-01-11,0,13
20,"Bernstein, Sean",0,51044,0,Production Technician I,MA,2072,1983-04-26,M ,Single,US Citizen,Yes,White,2012-04-02,,,Active,Production,Amy Dunn,Google Search,Fully Meets,5.0,3,0,2019-01-14,0,13
21,"Biden, Lowan  M",0,64919,0,Production Technician I,MA,2027,1983-04-26,F,Divorced,US Citizen,No,Asian,2013-08-19,,,Active,Production,Ketsia Liebig,Indeed,Fully Meets,4.2,3,0,2019-01-10,0,2
22,"Billis, Helen",0,62910,0,Production Technician I,MA,2031,1989-09-01,F,Married,US Citizen,No,White,2014-07-07,,,Active,Production,Brannon Miller,Indeed,Exceeds,5.0,3,0,2019-02-27,0,19
23,"Blount, Dianna",0,66441,0,Production Technician II,MA,2171,1990-09-21,F,Single,US Citizen,No,White,2011-04-04,,,Active,Production,Michael Albert,CareerBuilder,Needs Improvement,2.0,3,0,2019-02-27,2,3
24,"Bondwell, Betsy",0,57815,1,Production Technician II,MA,2210,1983-04-26,F,Single,US Citizen,No,White,2011-01-10,2014-04-04,career change,Voluntarily Terminated,Production,Elijiah Gray,Google Search,Fully Meets,4.8,5,0,2014-03-04,0,5
25,"Booth, Frank",0,103613,1,Enterprise Architect,CT,6033,1983-04-26,M ,Single,US Citizen,No,Black or African American,2014-02-17,2016-02-19,Learned that he is a gangster,Terminated for Cause,IT/IS,Simon Roup,LinkedIn,Fully Meets,3.5,5,7,2016-01-10,0,2
26,"Boutwell, Bonalyn",1,106367,0,Sr. Accountant,MA,2468,1987-04-04,F,Married,US Citizen,No,Black or African American,2015-02-16,,,Active,Admin Offices,Brandon R. LeBlanc,Diversity Job Fair,Fully Meets,5.0,4,3,2019-02-18,0,4
27,"Bozzi, Charles",0,74312,1,Production Manager,MA,1901,1983-04-26,M ,Single,US Citizen,No,Asian,2013-09-30,2014-08-07,retiring,Voluntarily Terminated,Production,Janet King,Indeed,Fully Meets,3.39,3,0,2014-02-20,0,14
28,"Brill, Donna",0,53492,1,Production Technician I,MA,1701,1990-08-24,F,Married,US Citizen,No,White,2012-04-02,2013-06-15,Another position,Voluntarily Terminated,Production,David Stanley,Google Search,Fully Meets,3.35,4,0,2013-03-04,0,6
29,"Brown, Mia",1,63000,0,Accountant I,MA,1450,1987-11-24,F,Married,US Citizen,No,Black or African American,2008-10-27,,,Active,Admin Offices,Brandon R. LeBlanc,Diversity Job Fair,Fully Meets,4.5,2,6,2019-01-15,0,14
30,"Buccheri, Joseph  ",0,65288,0,Production Technician II,MA,1013,1983-07-28,M ,Single,US Citizen,No,White,2014-09-29,,,Active,Production,Webster Butler,Google Search,Fully Meets,3.19,3,0,2019-02-01,0,9
31,"Bugali, Josephine ",1,64375,0,Production Technician I,MA,2043,1983-04-26,F,Separated,US Citizen,No,Black or African American,2013-11-11,,,Active,Production,Kissy Sullivan,Diversity Job Fair,Fully Meets,3.5,5,0,2019-01-21,0,17
32,"Bunbury, Jessica",0,74326,1,Area Sales Manager,VA,21851,1983-04-26,F,Married,Eligible NonCitizen,No,Black or African American,2011-08-15,2014-08-02,Another position,Voluntarily Terminated,Sales,John Smith,Google Search,Fully Meets,3.14,5,0,2013-02-10,1,19
33,"Burke, Joelle",0,63763,0,Production Technician II,MA,2148,1980-03-02,F,Single,US Citizen,No,Black or African American,2012-03-05,,,Active,Production,Amy Dunn,Employee Referral,Fully Meets,4.51,4,0,2019-02-21,0,3
34,"Burkett, Benjamin ",0,62162,0,Production Technician II,MA,1890,1977-08-19,M ,Married,US Citizen,No,White,2011-04-04,,,Active,Production,Ketsia Liebig,Indeed,Fully Meets,3.25,5,0,2019-01-14,0,15
35,"Cady, Max ",0,77692,0,Software Engineering Manager,MA,2184,1983-04-26,M ,Single,US Citizen,No,White,2011-08-15,,,Active,Software Engineering,Jennifer Zamora,Google Search,Fully Meets,3.84,3,5,2019-01-21,0,4
36,"Candie, Calvin",0,72640,0,Production Manager,MA,2169,1983-08-09,M ,Single,US Citizen,No,White,2016-01-28,,,Active,Production,Janet King,Indeed,Exceeds,5.0,3,0,2019-02-22,0,14
37,"Carabbio, Judith",0,93396,0,Software Engineer,MA,2132,1987-04-05,F,Single,US Citizen,No,White,2013-11-11,,,Active,Software Engineering,Alex Sweetwater,Indeed,Fully Meets,4.96,4,6,2019-01-30,0,3
38,"Carey, Michael  ",0,52846,0,Production Technician I,MA,1701,1983-02-02,M ,Single,US Citizen,No,Black or African American,2014-03-31,,,Active,Production,Kelley Spirea,LinkedIn,Fully Meets,4.43,3,0,2019-02-01,0,14
39,"Carr, Claudia  N",0,100031,0,Sr. DBA,MA,1886,1986-06-06,F,Single,US Citizen,No,Black or African American,2016-06-30,,,Active,IT/IS,Simon Roup,LinkedIn,Fully Meets,5.0,5,6,2019-02-18,0,7
40,"Carter, Michelle ",0,71860,0,Area Sales Manager,VT,5664,1983-04-26,F,Single,US Citizen,No,White,2014-08-18,,,Active,Sales,John Smith,Indeed,Fully Meets,5.0,5,0,2019-01-21,0,7
41,"Chace, Beatrice ",0,61656,0,Production Technician I,MA,2763,1983-04-26,F,Single,US Citizen,No,White,2014-09-29,,,Active,Production,Michael Albert,Google Search,Fully Meets,5.0,4,0,2019-02-12,0,11
42,"Champaigne, Brian",0,110929,0,BI Director,MA,2045,1983-04-26,M ,Married,US Citizen,No,White,2016-09-06,,,Active,IT/IS,Jennifer Zamora,Indeed,Fully Meets,4.5,5,7,2019-01-15,0,8
43,"Chan, Lin",0,54237,0,Production Technician I,MA,2170,1979-02-12,F,Single,US Citizen,No,White,2014-05-12,,,Active,Production,Elijiah Gray,Indeed,Fully Meets,3.3,4,0,2019-02-19,0,11
44,"Chang, Donovan  E",0,60380,0,Production Technician I,MA,1845,1983-08-24,M ,Single,US Citizen,No,White,2013-07-08,,,Active,Production,Webster Butler,LinkedIn,Fully Meets,3.8,5,0,2019-01-14,0,4
45,"Chigurh, Anton",0,66808,0,Area Sales Manager,TX,78207,1983-04-26,M ,Single,Eligible NonCitizen,No,Black or African American,2012-05-14,,,Active,Sales,Lynn Daneault,Employee Referral,Fully Meets,3.0,5,0,2019-01-19,0,17
46,"Chivukula, Enola",0,64786,1,Production Technician I,MA,1775,1983-08-27,F,Single,US Citizen,No,White,2011-06-27,2015-11-15,relocation out of area,Voluntarily Terminated,Production,Amy Dunn,Indeed,Fully Meets,4.3,4,0,2015-03-10,0,3
47,"Cierpiszewski, Caroline  ",0,64816,0,Production Technician I,MA,2044,1988-05-31,F,Single,Non-Citizen,No,Black or African American,2011-10-03,,,Active,Production,Ketsia Liebig,Indeed,Fully Meets,3.58,5,0,2019-01-30,0,3
48,"Clayton, Rick",0,68678,0,IT Support,MA,2170,1985-09-05,M ,Single,US Citizen,No,White,2012-09-05,,,Active,IT/IS,Eric Dougall,Indeed,Fully Meets,4.7,3,6,2019-02-27,0,2
49,"Cloninger, Jennifer",0,64066,1,Production Technician II,MA,1752,1981-08-31,F,Married,US Citizen,No,White,2011-05-16,2013-01-07,unhappy,Voluntarily Terminated,Production,Brannon Miller,Google Search,Fully Meets,4.2,5,0,2012-05-03,0,9
50,"Close, Phil",0,59369,1,Production Technician II,MA,2169,1978-11-25,M ,Married,US Citizen,No,White,2010-08-30,2011-09-26,career change,Voluntarily Terminated,Production,David Stanley,Indeed,Fully Meets,4.2,4,0,2011-05-04,0,6
51,"Clukey, Elijian",0,50373,0,Production Technician I,MA,2134,1980-08-26,M ,Married,US Citizen,No,White,2016-07-06,,,Active,Production,Brannon Miller,Employee Referral,Exceeds,4.1,4,0,2019-02-28,0,5
52,"Cockel, James",0,63108,0,Production Technician I,MA,2452,1977-09-08,M ,Single,US Citizen,No,White,2013-07-08,,,Active,Production,David Stanley,Employee Referral,Fully Meets,4.4,5,0,2019-01-14,0,3
53,"Cole, Spencer",0,59144,1,Production Technician I,MA,1880,1979-08-12,M ,Single,US Citizen,No,Black or African American,2011-07-11,2016-09-23,performance,Terminated for Cause,Production,Kissy Sullivan,LinkedIn,Needs Improvement,2.0,3,0,2016-05-01,5,16
54,"Corleone, Michael",0,68051,0,Production Manager,MA,1803,1975-12-17,M ,Divorced,US Citizen,No,White,2010-07-20,,,Active,Production,Janet King,CareerBuilder,Needs Improvement,4.13,2,0,2019-01-14,3,3
55,"Corleone, Vito",0,170500,0,Director of Operations,MA,2030,1983-03-19,M ,Single,US Citizen,No,Black or African American,2009-01-05,,,Active,Production,Janet King,Indeed,Exceeds,3.7,5,0,2019-02-04,0,15
56,"Cornett, Lisa ",0,63381,0,Production Technician I,MA,2189,1977-03-31,F,Married,US Citizen,Yes,White,2015-01-05,,,Active,Production,Kelley Spirea,Indeed,Fully Meets,4.73,5,0,2019-02-14,0,6
57,"Costello, Frank",0,83552,0,Data Analyst,MA,1810,1986-08-26,M ,Married,US Citizen,No,White,2015-03-30,,,Active,IT/IS,Simon Roup,Indeed,Fully Meets,3.04,3,6,2019-01-22,0,2
58,"Crimmings,   Jean",0,56149,0,Production Technician I,MA,1821,1987-04-10,F,Single,US Citizen,No,White,2016-07-06,,,Active,Production,Michael Albert,LinkedIn,Fully Meets,4.12,5,0,2019-01-28,0,15
59,"Cross, Noah",0,92329,0,Sr. Network Engineer,CT,6278,1983-04-26,M ,Single,US Citizen,No,White,2014-11-10,,,Active,IT/IS,Peter Monroe,Employee Referral,Fully Meets,5.0,3,4,2019-01-02,0,5
60,"Daneault, Lynn",0,65729,0,Sales Manager,VT,5473,1990-04-19,F,Single,US Citizen,No,White,2014-05-05,,,Active,Sales,Debra Houlihan,Indeed,Fully Meets,4.62,4,0,2019-01-24,0,8
61,"Daniele, Ann  ",0,85028,0,Sr. Network Engineer,CT,6033,1983-04-26,F,Married,US Citizen,No,White,2014-11-10,,,Active,IT/IS,Peter Monroe,LinkedIn,Fully Meets,3.1,5,8,2019-02-12,0,19
62,"Darson, Jene'ya ",0,57583,0,Production Technician I,MA,2110,1978-11-05,F,Married,US Citizen,No,White,2012-07-02,,,Active,Production,Elijiah Gray,Indeed,Fully Meets,5.0,3,0,2019-02-25,0,1
63,"Davis, Daniel",0,56294,0,Production Technician II,MA,2458,1979-09-14,M ,Single,Eligible NonCitizen,No,Two or more races,2011-11-07,,,Active,Production,Kissy Sullivan,LinkedIn,Fully Meets,3.96,4,0,2019-02-27,0,6
64,"Dee, Randy",0,56991,0,Production Technician I,MA,2138,1988-04-15,M ,Married,US Citizen,No,White,2018-07-09,,,Active,Production,Brannon Miller,Indeed,Fully Meets,4.3,4,3,2019-01-31,2,2
65,"DeGweck,  James",0,55722,1,Production Technician I,MA,1810,1977-10-31,M ,Married,US Citizen,No,White,2011-05-16,2016-06-08,unhappy,Voluntarily Terminated,Production,Webster Butler,Indeed,Fully Meets,5.0,4,0,2016-04-02,0,14
66,"Del Bosque, Keyla",0,101199,0,Software Engineer,MA,2176,1979-07-05,F,Single,US Citizen,No,Black or African American,2012-01-09,,,Active,Software Engineering,Alex Sweetwater,CareerBuilder,Fully Meets,3.79,5,5,2019-01-25,0,8
67,"Delarge, Alex",0,61568,0,Area Sales Manager,AL,36006,1975-11-02,M ,Single,US Citizen,No,Two or more races,2014-09-29,,,Active,Sales,John Smith,Indeed,PIP,1.93,3,0,2019-01-30,6,5
68,"Demita, Carla",0,58275,1,Production Technician II,MA,2343,1983-04-26,F,Separated,US Citizen,No,Black or African American,2011-04-04,2015-11-04,more money,Voluntarily Terminated,Production,Kelley Spirea,Google Search,Fully Meets,4.62,5,0,2015-05-06,0,1
69,"Desimone, Carl ",0,53189,0,Production Technician I,MA,2061,1983-04-26,M ,Married,US Citizen,No,White,2014-07-07,,,Active,Production,Amy Dunn,Indeed,PIP,1.12,2,0,2019-01-31,4,9
70,"DeVito, Tommy",0,96820,0,BI Developer,MA,2045,1983-09-04,M ,Single,US Citizen,No,White,2017-02-15,,,Active,IT/IS,Brian Champaigne,Indeed,Fully Meets,3.01,5,7,2019-01-23,0,15
71,"Dickinson, Geoff ",0,51259,0,Production Technician I,MA,2180,1982-11-15,M ,Single,US Citizen,No,White,2014-05-12,,,Active,Production,Ketsia Liebig,Indeed,Fully Meets,4.3,4,0,2019-02-19,0,1
72,"Dietrich, Jenna  ",0,59231,0,Area Sales Manager,WA,98052,1987-05-14,F,Single,US Citizen,Yes,White,2012-02-20,,,Active,Sales,John Smith,Website,PIP,2.3,1,0,2019-01-29,2,17
73,"DiNocco, Lily ",0,61584,0,Production Technician I,MA,2351,1978-12-02,F,Married,US Citizen,No,Black or African American,2013-01-07,,,Active,Production,Brannon Miller,Indeed,Needs Improvement,3.88,4,0,2019-01-18,0,6
74,"Dobrin, Denisa  S",0,46335,0,Production Technician I,MA,2125,1986-10-07,F,Single,US Citizen,Yes,White,2012-04-02,,,Active,Production,David Stanley,CareerBuilder,Fully Meets,3.4,5,0,2019-02-19,0,15
75,"Dolan, Linda",0,70621,0,IT Support,MA,2119,1988-07-18,F,Married,US Citizen,No,White,2015-01-05,,,Active,IT/IS,Peter Monroe,Employee Referral,Fully Meets,4.11,4,6,2019-02-25,0,16
76,"Dougall, Eric",0,138888,0,IT Manager - Support,MA,1886,1983-04-26,M ,Single,US Citizen,No,Black or African American,2014-01-05,,,Active,IT/IS,Jennifer Zamora,Indeed,Exceeds,4.3,5,5,2019-01-04,0,4
77,"Driver, Elle",0,74241,0,Area Sales Manager,CA,90007,1988-11-08,F,Single,US Citizen,No,White,2011-01-10,,,Active,Sales,Lynn Daneault,Indeed,Exceeds,4.77,5,0,2019-01-27,0,14
78,"Dunn, Amy  ",0,75188,0,Production Manager,MA,1731,1983-04-26,F,Single,US Citizen,No,White,2014-09-18,,,Active,Production,Janet King,Google Search,Fully Meets,4.52,4,0,2019-01-15,0,4
79,"Dunne, Amy",0,62514,0,Production Technician I,MA,1749,1983-04-26,F,Married,US Citizen,No,White,2010-04-26,,,Active,Production,Ketsia Liebig,Google Search,Fully Meets,2.9,3,0,2019-01-21,0,6
80,"Eaton, Marianne",0,60070,1,Production Technician I,MA,2343,1991-09-05,F,Married,US Citizen,No,White,2011-04-04,2017-06-06,military,Voluntarily Terminated,Production,Kissy Sullivan,Google Search,Fully Meets,5.0,3,0,2017-04-09,0,7
81,"Engdahl, Jean",0,48888,0,Production Technician I,MA,2026,1974-05-31,M ,Single,US Citizen,No,White,2014-11-10,,,Active,Production,Kelley Spirea,LinkedIn,Fully Meets,4.7,5,0,2019-02-13,0,8
82,"England, Rex",0,54285,0,Production Technician I,MA,2045,1978-08-25,M ,Married,US Citizen,No,White,2014-03-31,,,Active,Production,Kelley Spirea,Employee Referral,Fully Meets,4.2,3,0,2019-01-11,0,3
83,"Erilus, Angela",0,56847,0,Production Technician II,MA,2133,1989-08-25,F,Separated,US Citizen,No,White,2014-07-07,,,Active,Production,Michael Albert,Indeed,PIP,3.0,1,0,2019-02-25,2,5
84,"Estremera, Miguel",0,60340,1,Production Technician I,MA,2129,1983-09-02,M ,Single,US Citizen,No,White,2012-04-02,2018-09-27,attendance,Terminated for Cause,Production,Michael Albert,Google Search,Needs Improvement,5.0,4,0,2018-04-12,5,16
85,"Evensen, April",0,59124,1,Production Technician I,MA,2458,1989-05-06,F,Single,US Citizen,No,White,2014-02-17,2018-02-25,"no-call, no-show",Terminated for Cause,Production,Elijiah Gray,Google Search,Needs Improvement,2.3,3,0,2017-01-15,5,19
86,"Exantus, Susan",0,99280,1,Software Engineer,MA,1749,1987-05-15,F,Married,US Citizen,No,Black or African American,2011-05-02,2013-06-05,attendance,Terminated for Cause,Software Engineering,Alex Sweetwater,Indeed,Needs Improvement,2.1,5,4,2012-08-10,4,19
87,"Faller, Megan ",0,71776,0,Production Technician II,MA,1824,1978-09-22,F,Married,US Citizen,No,Black or African American,2014-07-07,,,Active,Production,Elijiah Gray,LinkedIn,Fully Meets,4.4,5,0,2019-02-22,0,17
88,"Fancett, Nicole",0,65902,0,Production Technician II,MA,2324,1987-09-27,F,Single,US Citizen,No,Black or African American,2014-02-17,,,Active,Production,Webster Butler,LinkedIn,Fully Meets,4.0,4,0,2019-01-07,0,7
89,"Ferguson, Susan",0,57748,1,Production Technician I,MA,2176,1983-04-26,F,Married,US Citizen,No,White,2011-11-07,2016-05-17,military,Voluntarily Terminated,Production,Webster Butler,Google Search,Fully Meets,3.13,3,0,2016-02-04,0,16
90,"Fernandes, Nilson  ",0,64057,0,Production Technician I,MA,2132,1989-10-18,M ,Married,US Citizen,No,White,2015-05-11,,,Active,Production,Amy Dunn,Indeed,PIP,1.56,5,0,2019-01-03,6,15
91,"Fett, Boba",0,53366,0,Network Engineer,MA,2138,1987-06-18,M ,Single,US Citizen,No,White,2015-03-30,,,Active,IT/IS,Peter Monroe,LinkedIn,PIP,1.2,3,6,2019-02-04,3,2
92,"Fidelia,  Libby",0,58530,0,Production Technician I,MA,2155,1981-03-16,F,Married,US Citizen,No,White,2012-01-09,,,Active,Production,Brannon Miller,Google Search,Fully Meets,5.0,5,0,2019-01-29,0,19
93,"Fitzpatrick, Michael  J",0,72609,1,Production Technician II,MA,2143,1981-10-01,M ,Single,US Citizen,Yes,White,2011-05-16,2013-06-24,hours,Voluntarily Terminated,Production,Amy Dunn,Google Search,Fully Meets,4.76,5,0,2013-04-05,0,20
94,"Foreman, Tanya",0,55965,1,Production Technician II,MA,2170,1983-11-08,F,Married,US Citizen,No,White,2011-04-04,2013-01-09,career change,Voluntarily Terminated,Production,Ketsia Liebig,Google Search,Fully Meets,3.66,3,0,2012-01-07,0,6
95,"Forrest, Alex",0,70187,1,Area Sales Manager,MA,2330,1975-07-07,M ,Married,US Citizen,No,White,2014-09-29,2018-08-19,Fatal attraction,Terminated for Cause,Sales,Lynn Daneault,Employee Referral,PIP,2.0,5,0,2018-01-28,4,7
96,"Foss, Jason",0,178000,0,IT Director,MA,1460,1980-07-05,M ,Single,US Citizen,No,Black or African American,2011-04-15,,,Active,IT/IS,Jennifer Zamora,Indeed,Exceeds,5.0,5,5,2019-01-07,0,15
97,"Foster-Baker, Amy",0,99351,0,Sr. Accountant,MA,2050,1979-04-16,F,Married,US Citizen,No,White,2009-01-05,,,Active,Admin Offices,Board of Directors,Other,Fully Meets,5.0,3,2,2019-02-08,0,3
98,"Fraval, Maruk ",0,67251,0,Area Sales Manager,CT,6050,1983-04-26,M ,Single,US Citizen,No,Black or African American,2011-09-06,,,Active,Sales,Lynn Daneault,CareerBuilder,Fully Meets,4.3,3,0,2019-01-27,2,7
99,"Galia, Lisa",0,65707,0,IT Support,CT,6040,1983-04-26,F,Single,US Citizen,No,White,2010-05-01,,,Active,IT/IS,Eric Dougall,LinkedIn,Fully Meets,4.7,4,5,2019-02-01,0,1
100,"Garcia, Raul",0,52249,0,Production Technician I,MA,1905,1985-09-15,M ,Single,US Citizen,Yes,White,2015-03-30,,,Active,Production,David Stanley,Employee Referral,Fully Meets,4.5,3,0,2019-02-18,0,5
101,"Gaul, Barbara",0,53171,0,Production Technician I,MA,2121,1983-12-02,F,Single,US Citizen,Yes,Black or African American,2011-05-16,,,Active,Production,Kelley Spirea,LinkedIn,Fully Meets,4.2,4,0,2019-02-26,0,12
102,"Gentry, Mildred",0,51337,0,Production Technician I,MA,2145,1990-10-01,F,Married,US Citizen,No,Black or African American,2015-03-30,,,Active,Production,Michael Albert,LinkedIn,Fully Meets,3.73,3,0,2019-01-16,0,19
103,"Gerke, Melisa",1,51505,1,Production Technician I,MA,2330,1983-04-26,F,Divorced,US Citizen,No,Black or African American,2011-11-07,2016-11-15,hours,Voluntarily Terminated,Production,Elijiah Gray,Diversity Job Fair,Fully Meets,4.24,4,0,2016-04-29,0,2
104,"Gill, Whitney  ",0,59370,1,Area Sales Manager,OH,43050,1983-04-26,F,Widowed,US Citizen,No,Black or African American,2014-07-07,2015-09-05,attendance,Terminated for Cause,Sales,John Smith,CareerBuilder,Fully Meets,3.97,4,0,2015-01-15,0,7
105,"Gilles, Alex",1,54933,1,Production Technician I,MA,2062,1974-08-09,M ,Married,US Citizen,No,Black or African American,2012-04-02,2015-06-25,military,Voluntarily Terminated,Production,Webster Butler,Diversity Job Fair,Needs Improvement,3.97,4,0,2015-01-20,3,15
106,"Girifalco, Evelyn",0,57815,0,Production Technician I,MA,2451,1980-05-08,F,Single,US Citizen,Yes,Two or more races,2014-09-29,,,Active,Production,Amy Dunn,Indeed,Exceeds,3.9,4,0,2019-02-07,0,3
107,"Givens, Myriam",0,61555,0,Area Sales Manager,IN,46204,1989-09-22,F,Single,US Citizen,No,White,2015-02-16,,,Active,Sales,Lynn Daneault,Indeed,Fully Meets,4.5,5,0,2019-01-25,0,20
109,"Goeth, Amon",0,74679,0,IT Support,MA,2135,1989-11-24,M ,Married,US Citizen,Yes,White,2015-03-30,,,Active,IT/IS,Peter Monroe,LinkedIn,Fully Meets,4.3,5,7,2019-01-10,0,20
110,"Gold, Shenice  ",0,53018,0,Production Technician I,MA,2451,1992-06-18,F,Single,US Citizen,Yes,White,2013-11-11,,,Active,Production,Ketsia Liebig,Indeed,Fully Meets,4.3,5,0,2019-02-18,0,7
111,"Gonzalez, Cayo",1,59892,0,Production Technician I,MA,2108,1983-04-26,M ,Divorced,US Citizen,No,Black or African American,2011-07-11,,,Active,Production,Brannon Miller,Diversity Job Fair,Exceeds,4.5,4,0,2019-02-18,0,1
112,"Gonzalez, Juan",1,68898,1,Production Technician II,MA,2128,1983-04-26,M ,Married,US Citizen,No,Black or African American,2010-04-26,2011-05-30,career change,Voluntarily Terminated,Production,Brannon Miller,Diversity Job Fair,PIP,3.0,3,0,2011-03-06,3,10
113,"Gonzalez, Maria",0,61242,0,IT Support,MA,2472,1981-04-16,F,Separated,US Citizen,Yes,White,2015-01-05,,,Active,IT/IS,Peter Monroe,Employee Referral,Fully Meets,4.61,4,5,2019-01-28,0,11
114,"Good, Susan",0,66825,0,Production Technician II,MA,1886,1986-05-25,F,Married,US Citizen,No,White,2014-05-12,,,Active,Production,David Stanley,LinkedIn,Fully Meets,4.6,3,0,2019-02-07,0,20
115,"Gordon, David",0,48285,0,Production Technician I,MA,2169,1979-05-21,M ,Married,US Citizen,No,White,2012-07-02,,,Active,Production,David Stanley,LinkedIn,Fully Meets,5.0,3,0,2019-01-14,0,2
116,"Gosciminski, Phylicia  ",0,66149,0,Production Technician II,MA,1824,1983-12-08,F,Separated,US Citizen,No,American Indian or Alaska Native,2013-09-30,,,Active,Production,Kissy Sullivan,Google Search,Fully Meets,4.4,5,0,2019-02-21,0,1
117,"Goyal, Roxana",0,49256,0,Production Technician I,MA,1864,1974-10-09,F,Married,US Citizen,No,Asian,2013-08-19,,,Active,Production,Kissy Sullivan,LinkedIn,Fully Meets,4.1,5,0,2019-02-15,0,3
118,"Gray, Elijiah  ",0,62957,0,Production Manager,MA,1752,1981-07-11,M ,Divorced,US Citizen,No,White,2015-06-02,,,Active,Production,Janet King,Employee Referral,Fully Meets,4.63,3,0,2019-01-04,0,2
119,"Gross, Paula",0,63813,1,Production Technician I,MA,2176,1983-05-21,F,Divorced,US Citizen,No,White,2011-02-21,2014-01-11,more money,Voluntarily Terminated,Production,Kelley Spirea,CareerBuilder,Fully Meets,5.0,5,0,2013-06-03,0,17
120,"Gruber, Hans",0,99020,0,BI Developer,MA,2134,1989-06-30,M ,Married,US Citizen,No,Black or African American,2017-04-20,,,Active,IT/IS,Brian Champaigne,Indeed,Fully Meets,4.2,5,5,2019-01-28,0,8
121,"Guilianno, Mike",0,71707,1,Area Sales Manager,TN,37129,1983-04-26,M ,Single,US Citizen,No,Two or more races,2012-03-07,2014-10-31,relocation out of area,Voluntarily Terminated,Sales,John Smith,LinkedIn,Fully Meets,4.5,5,0,2013-02-01,0,20
122,"Handschiegl, Joanne",0,54828,0,Production Technician I,MA,2127,1977-03-23,F,Married,US Citizen,No,White,2011-11-28,,,Active,Production,Michael Albert,Google Search,Fully Meets,4.2,4,0,2019-02-22,0,13
123,"Hankard, Earnest",0,64246,0,Production Technician II,MA,2155,1988-08-10,M ,Single,US Citizen,Yes,White,2013-11-11,,,Active,Production,Kelley Spirea,LinkedIn,Fully Meets,5.0,3,0,2019-01-08,0,20
124,"Harrington, Christie ",0,52177,1,Production Technician I,MA,2324,1983-04-26,F,Single,US Citizen,No,White,2012-01-09,2015-12-15,retiring,Voluntarily Terminated,Production,Webster Butler,CareerBuilder,Fully Meets,4.64,4,0,2015-05-02,0,8
125,"Harrison, Kara",0,62065,0,Production Technician I,MA,1886,1974-05-02,F,Married,US Citizen,No,White,2014-05-12,,,Active,Production,Amy Dunn,CareerBuilder,Exceeds,4.76,4,0,2019-02-15,0,5
126,"Heitzman, Anthony",0,46998,0,Production Technician I,MA,2149,1984-01-04,M ,Single,US Citizen,No,White,2012-08-13,,,Active,Production,Ketsia Liebig,Google Search,Fully Meets,4.17,4,0,2019-02-11,0,1
127,"Hendrickson, Trina",0,68099,1,Production Technician II,MA,2021,1983-04-26,F,Single,US Citizen,No,White,2011-01-10,2013-06-18,hours,Voluntarily Terminated,Production,Kelley Spirea,CareerBuilder,Fully Meets,5.0,3,0,2013-01-30,0,15
128,"Hitchcock, Alfred",0,70545,0,Area Sales Manager,NH,3062,1988-09-14,M ,Married,US Citizen,No,American Indian or Alaska Native,2014-08-18,,,Active,Sales,John Smith,Indeed,Fully Meets,3.6,5,0,2019-01-30,0,9
129,"Homberger, Adrienne  J",0,63478,1,Production Technician II,MA,2445,1984-02-16,F,Married,Non-Citizen,No,White,2011-08-15,2012-04-07,relocation out of area,Voluntarily Terminated,Production,Michael Albert,Indeed,Fully Meets,3.03,5,0,2012-03-05,0,16
130,"Horton, Jayne",0,97999,0,Database Administrator,MA,2493,1984-02-21,F,Single,US Citizen,No,White,2015-03-30,,,Active,IT/IS,Simon Roup,Indeed,Fully Meets,4.48,5,6,2019-01-03,0,4
131,"Houlihan, Debra",0,180000,0,Director of Sales,RI,2908,1983-04-26,F,Married,US Citizen,No,White,2014-05-05,,,Active,Sales,Janet King,LinkedIn,Fully Meets,4.5,4,0,2019-01-21,0,19
132,"Howard, Estelle",0,49920,1,Administrative Assistant,MA,2170,1985-09-16,F,Married,US Citizen,No,Black or African American,2015-02-16,2015-04-15,"no-call, no-show",Terminated for Cause,Admin Offices,Brandon R. LeBlanc,Indeed,Fully Meets,3.24,3,4,2015-04-15,0,6
133,"Hudson, Jane",0,55425,0,Production Technician I,MA,2176,1986-06-10,F,Single,US Citizen,No,White,2012-02-20,,,Active,Production,Ketsia Liebig,LinkedIn,Fully Meets,4.8,4,0,2019-01-07,0,4
134,"Hunts, Julissa",0,69340,0,Production Technician II,MA,2021,1984-03-11,F,Single,US Citizen,No,White,2016-06-06,,,Active,Production,Elijiah Gray,LinkedIn,Fully Meets,3.0,5,0,2019-01-18,0,4
135,"Hutter, Rosalie",0,64995,0,Production Technician II,MA,2351,1992-05-07,F,Separated,US Citizen,No,White,2015-06-05,,,Active,Production,Webster Butler,Indeed,Fully Meets,4.5,3,0,2019-02-14,0,6
136,"Huynh, Ming",0,68182,1,Production Technician II,MA,1742,1976-09-22,F,Divorced,US Citizen,No,White,2011-02-21,2013-04-01,unhappy,Voluntarily Terminated,Production,Amy Dunn,Google Search,Fully Meets,3.72,3,0,2013-02-01,0,18
137,"Immediato, Walter",0,83082,1,Production Manager,MA,2128,1976-11-15,M ,Married,US Citizen,No,Asian,2011-02-21,2012-09-24,unhappy,Voluntarily Terminated,Production,Janet King,Indeed,Needs Improvement,2.34,2,0,2012-04-12,3,4
138,"Ivey, Rose ",0,51908,0,Production Technician I,MA,1775,1991-01-28,F,Single,US Citizen,No,White,2013-08-19,,,Active,Production,Brannon Miller,Indeed,Fully Meets,3.99,3,0,2019-01-14,0,14
139,"Jackson, Maryellen",0,61242,0,Production Technician I,MA,2081,1983-04-26,F,Single,US Citizen,No,Black or African American,2012-11-05,,,Active,Production,David Stanley,LinkedIn,Fully Meets,4.1,3,0,2019-01-17,0,7
140,"Jacobi, Hannah  ",0,45069,0,Production Technician I,MA,1778,1983-04-26,F,Divorced,US Citizen,No,White,2013-09-30,,,Active,Production,Kissy Sullivan,Employee Referral,Fully Meets,4.3,5,0,2019-02-22,0,7
141,"Jeannite, Tayana",0,60724,0,Production Technician II,MA,1821,1986-11-06,F,Divorced,US Citizen,No,American Indian or Alaska Native,2011-07-05,,,Active,Production,Ketsia Liebig,LinkedIn,Exceeds,4.6,4,0,2019-02-25,0,11
142,"Jhaveri, Sneha  ",0,60436,0,Production Technician I,MA,2109,1983-04-26,F,Separated,US Citizen,No,White,2014-01-06,,,Active,Production,Kelley Spirea,LinkedIn,Fully Meets,5.0,5,0,2019-01-21,0,9
143,"Johnson, George",0,46837,1,Production Technician I,MA,2445,1983-04-26,M ,Married,US Citizen,No,White,2011-11-07,2018-04-29,more money,Voluntarily Terminated,Production,Michael Albert,CareerBuilder,Exceeds,4.7,4,0,2018-02-14,0,9
144,"Johnson, Noelle ",0,105700,0,Database Administrator,MA,2301,1986-11-07,F,Married,US Citizen,No,Asian,2015-01-05,,,Active,IT/IS,Simon Roup,Indeed,Fully Meets,3.75,3,5,2019-02-11,0,2
145,"Johnston, Yen",0,63322,0,Production Technician II,MA,2128,1983-04-26,F,Single,US Citizen,No,White,2014-07-07,,,Active,Production,Brannon Miller,LinkedIn,Exceeds,4.3,3,0,2019-01-11,0,1
146,"Jung, Judy  ",0,61154,1,Production Technician I,MA,2446,1986-04-17,F,Married,US Citizen,No,Black or African American,2011-01-10,2016-04-01,unhappy,Voluntarily Terminated,Production,Elijiah Gray,CareerBuilder,Fully Meets,4.0,4,0,2016-02-03,0,4
147,"Kampew, Donysha",0,68999,1,Sales Manager,PA,19444,1989-11-11,F,Single,US Citizen,No,White,2011-11-07,2014-04-24,maternity leave - did not return,Voluntarily Terminated,Sales,Debra Houlihan,Google Search,Fully Meets,4.5,5,0,2013-03-30,0,2
148,"Keatts, Kramer ",0,50482,0,Production Technician I,MA,1887,1976-01-19,M ,Single,US Citizen,No,White,2013-09-30,,,Active,Production,Michael Albert,Indeed,Fully Meets,3.07,4,0,2019-01-23,0,10
149,"Khemmich, Bartholemew",0,65310,0,Area Sales Manager,CO,80820,1979-11-27,M ,Single,US Citizen,No,White,2013-08-19,,,Active,Sales,Lynn Daneault,Indeed,Fully Meets,4.3,5,0,2019-01-22,0,13
150,"King, Janet",0,250000,0,President & CEO,MA,1902,1983-04-26,F,Married,US Citizen,Yes,White,2012-07-02,,,Active,Executive Office,Board of Directors,Indeed,Fully Meets,4.83,3,0,2019-01-17,0,10
151,"Kinsella, Kathleen  ",0,54005,1,Production Technician I,MA,2170,1983-04-26,F,Married,US Citizen,No,White,2011-09-26,2015-06-04,more money,Voluntarily Terminated,Production,Webster Butler,Google Search,Fully Meets,3.6,5,0,2015-03-01,0,16
152,"Kirill, Alexandra  ",0,45433,1,Production Technician I,MA,2127,1983-04-26,F,Married,US Citizen,No,White,2011-09-26,2014-01-09,more money,Voluntarily Terminated,Production,Amy Dunn,Google Search,Fully Meets,3.49,4,0,2013-01-30,0,6
153,"Knapp, Bradley  J",0,46654,0,Production Technician I,MA,1721,1977-11-10,M ,Single,US Citizen,No,Black or African American,2014-02-17,,,Active,Production,Ketsia Liebig,LinkedIn,Fully Meets,3.1,3,0,2019-02-06,0,3
154,"Kretschmer, John",0,63973,0,Production Technician I,MA,1801,1980-02-02,M ,Married,US Citizen,No,Asian,2011-01-10,,,Active,Production,Brannon Miller,Indeed,Fully Meets,3.38,3,0,2019-01-21,0,17
155,"Kreuger, Freddy",1,71339,0,Area Sales Manager,NY,10171,1983-04-26,M ,Single,US Citizen,Yes,Black or African American,2011-03-07,,,Active,Sales,John Smith,Diversity Job Fair,Fully Meets,3.65,5,0,2019-01-17,0,20
156,"Lajiri,  Jyoti",0,93206,0,Sr. Network Engineer,MA,2169,1986-04-23,M ,Married,US Citizen,No,White,2014-11-10,,,Active,IT/IS,Peter Monroe,Employee Referral,Fully Meets,4.46,5,6,2019-01-07,0,7
157,"Landa, Hans",0,82758,1,Production Manager,MA,1890,1983-04-26,M ,Married,US Citizen,No,White,2011-01-10,2015-12-12,attendance,Terminated for Cause,Production,Janet King,Employee Referral,Fully Meets,4.78,4,0,2015-02-15,0,9
158,"Langford, Lindsey",0,66074,1,Production Technician II,MA,2090,1979-07-25,F,Divorced,US Citizen,No,Asian,2013-01-07,2014-03-31,Another position,Voluntarily Terminated,Production,David Stanley,Indeed,Fully Meets,4.52,3,0,2014-02-20,0,20
159,"Langton, Enrico",0,46120,0,Production Technician I,MA,2048,1986-12-09,M ,Married,US Citizen,No,White,2012-07-09,,,Active,Production,David Stanley,LinkedIn,Fully Meets,5.0,5,0,2019-02-04,0,13
160,"LaRotonda, William  ",0,64520,0,Accountant I,MA,1460,1984-04-26,M ,Divorced,US Citizen,No,Black or African American,2014-01-06,,,Active,Admin Offices,Brandon R. LeBlanc,Website,Fully Meets,5.0,4,4,2019-01-17,0,3
161,"Latif, Mohammed",0,61962,1,Production Technician II,MA,2126,1984-05-09,M ,Married,US Citizen,No,White,2012-04-02,2013-04-15,more money,Voluntarily Terminated,Production,Kissy Sullivan,Google Search,Fully Meets,4.9,3,0,2013-02-20,0,20
162,"Le, Binh",0,81584,0,Senior BI Developer,MA,1886,1987-06-14,F,Single,US Citizen,No,Asian,2016-10-02,,,Active,IT/IS,Brian Champaigne,Indeed,Fully Meets,4.1,5,7,2019-01-08,0,2
163,"Leach, Dallas",0,63676,1,Production Technician I,MA,1810,1979-01-17,F,Single,US Citizen,No,Asian,2011-09-26,2018-08-19,return to school,Voluntarily Terminated,Production,Kissy Sullivan,CareerBuilder,Fully Meets,4.88,3,0,2017-07-02,0,17
164,"LeBlanc, Brandon  R",0,93046,0,Shared Services Manager,MA,1460,1984-06-10,M ,Married,US Citizen,No,White,2016-01-05,,,Active,Admin Offices,Janet King,CareerBuilder,Fully Meets,4.1,4,0,2019-01-28,0,20
165,"Lecter, Hannibal",0,64738,0,Production Technician I,MA,1776,1982-09-02,M ,Married,US Citizen,No,Asian,2012-05-14,,,Active,Production,Elijiah Gray,Google Search,Fully Meets,4.1,3,0,2019-02-22,0,10
166,"Leruth, Giovanni",0,70468,0,Area Sales Manager,UT,84111,1988-12-27,M ,Separated,US Citizen,No,Black or African American,2012-04-30,,,Active,Sales,John Smith,Website,Fully Meets,4.53,3,0,2019-01-29,0,16
167,"Liebig, Ketsia",0,77915,0,Production Manager,MA,2110,1981-10-26,F,Married,US Citizen,No,White,2013-09-30,,,Active,Production,Janet King,Website,Exceeds,4.1,3,0,2019-01-21,0,11
168,"Linares, Marilyn ",0,52624,1,Production Technician I,MA,1886,1981-03-26,F,Married,US Citizen,No,White,2011-07-05,2018-09-26,unhappy,Voluntarily Terminated,Production,Michael Albert,Indeed,Fully Meets,3.18,4,0,2018-03-02,0,16
169,"Linden, Mathew",0,63450,0,Production Technician II,MA,1770,1979-03-19,M ,Married,US Citizen,No,White,2013-07-08,,,Active,Production,Kelley Spirea,LinkedIn,Fully Meets,4.0,3,0,2019-02-18,0,7
170,"Lindsay, Leonara ",1,51777,0,IT Support,CT,6070,1988-10-05,F,Single,US Citizen,Yes,Black or African American,2011-01-21,,,Active,IT/IS,Eric Dougall,Diversity Job Fair,Exceeds,4.64,4,5,2019-01-25,0,14
171,"Lundy, Susan",0,67237,1,Production Technician II,MA,2122,1976-12-26,F,Widowed,US Citizen,No,White,2013-07-08,2016-09-15,more money,Voluntarily Terminated,Production,Michael Albert,LinkedIn,Fully Meets,4.65,4,0,2016-06-10,0,15
172,"Lunquist, Lisa",0,73330,0,Production Technician II,MA,2324,1982-03-28,F,Single,US Citizen,No,Black or African American,2013-08-19,,,Active,Production,Elijiah Gray,Indeed,Exceeds,4.2,4,0,2019-02-12,0,19
173,"Lydon, Allison",0,52057,0,Production Technician I,MA,2122,1975-10-22,F,Married,US Citizen,No,Black or African American,2015-02-16,,,Active,Production,Elijiah Gray,Website,Fully Meets,5.0,3,0,2019-01-23,0,6
174,"Lynch, Lindsay",1,47434,1,Production Technician I,MA,1844,1983-04-26,F,Single,US Citizen,Yes,Black or African American,2011-11-07,2015-11-14,Another position,Voluntarily Terminated,Production,Webster Butler,Diversity Job Fair,Exceeds,5.0,4,0,2015-02-02,0,17
175,"MacLennan, Samuel",0,52788,1,Production Technician I,MA,1938,1983-04-26,M ,Widowed,US Citizen,No,White,2012-09-24,2017-09-26,hours,Voluntarily Terminated,Production,Amy Dunn,Indeed,Fully Meets,3.08,4,0,2017-04-01,0,18
176,"Mahoney, Lauren  ",0,45395,0,Production Technician I,MA,2189,1986-07-07,F,Single,US Citizen,No,White,2014-01-06,,,Active,Production,Ketsia Liebig,LinkedIn,Fully Meets,4.6,4,0,2019-02-26,0,14
177,"Manchester, Robyn",0,62385,0,Production Technician II,MA,2324,1976-08-25,F,Married,US Citizen,No,White,2016-05-11,,,Active,Production,Webster Butler,LinkedIn,Fully Meets,5.0,3,0,2019-01-21,0,4
178,"Mancuso, Karen",0,68407,1,Production Technician II,MA,2176,1986-12-10,F,Married,US Citizen,No,Two or more races,2011-07-05,2012-08-19,Another position,Voluntarily Terminated,Production,Amy Dunn,LinkedIn,Fully Meets,5.0,4,0,2012-07-02,0,16
179,"Mangal, Debbie",0,61349,0,Production Technician I,MA,2451,1974-11-07,F,Married,US Citizen,No,White,2013-11-11,,,Active,Production,Brannon Miller,LinkedIn,Fully Meets,4.1,3,0,2019-01-22,0,11
180,"Martin, Sandra",0,105688,0,Software Engineer,MA,2135,1987-11-07,F,Single,US Citizen,No,Asian,2013-11-11,,,Active,Software Engineering,Alex Sweetwater,Google Search,Fully Meets,4.5,5,4,2019-01-14,0,14
181,"Maurice, Shana",0,54132,0,Production Technician I,MA,2330,1977-11-22,F,Married,US Citizen,No,White,2011-05-31,,,Active,Production,David Stanley,Indeed,Fully Meets,5.0,4,0,2019-01-10,0,8
182,"Carthy, B'rigit",0,55315,0,Production Technician II,MA,2149,1987-05-21,F,Single,US Citizen,No,Black or African American,2015-03-30,,,Active,Production,Ketsia Liebig,LinkedIn,Fully Meets,5.0,5,0,2019-02-07,0,16
183,"Mckenna, Sandy",0,62810,0,Production Technician I,MA,2184,1987-01-07,F,Married,US Citizen,No,Black or African American,2013-01-07,,,Active,Production,Kissy Sullivan,CareerBuilder,Fully Meets,3.93,3,0,2019-01-30,0,20
184,"McKinzie, Jac",0,63291,0,Area Sales Manager,TX,78789,1984-07-01,M ,Married,US Citizen,No,Two or more races,2016-07-06,,,Active,Sales,Lynn Daneault,Website,Fully Meets,3.4,4,0,2019-01-29,0,7
185,"Meads, Elizabeth",1,62659,1,Production Technician I,MA,1760,1983-04-26,F,Single,US Citizen,No,Black or African American,2012-04-02,2016-11-11,Another position,Voluntarily Terminated,Production,Kelley Spirea,Diversity Job Fair,Fully Meets,4.18,4,0,2016-02-05,0,17
186,"Medeiros, Jennifer",0,55688,0,Production Technician I,MA,2346,1976-09-22,F,Single,US Citizen,No,White,2015-03-30,,,Active,Production,Michael Albert,CareerBuilder,Fully Meets,5.0,4,0,2019-01-21,0,10
187,"Miller, Brannon",0,83667,0,Production Manager,MA,2045,1981-08-10,M ,Single,US Citizen,Yes,Hispanic,2012-08-16,,,Active,Production,Janet King,Indeed,Fully Meets,4.37,3,0,2019-01-14,0,2
188,"Miller, Ned",0,55800,1,Production Technician II,MA,2472,1985-06-29,M ,Single,US Citizen,No,White,2011-08-15,2014-09-04,unhappy,Voluntarily Terminated,Production,Brannon Miller,LinkedIn,PIP,3.0,2,0,2013-01-14,6,6
189,"Monkfish, Erasumus",0,58207,0,Production Technician II,MA,1450,1992-08-17,M ,Married,US Citizen,No,White,2011-11-07,,,Active,Production,David Stanley,LinkedIn,Fully Meets,3.7,3,0,2019-01-08,0,14
190,"Monroe, Peter",1,157000,0,IT Manager - Infra,MA,2134,1986-10-05,M ,Married,Eligible NonCitizen,Yes,Black or African American,2012-02-15,,,Active,IT/IS,Jennifer Zamora,Diversity Job Fair,Needs Improvement,2.39,3,6,2019-02-22,4,13
191,"Monterro, Luisa",0,72460,0,Production Technician II,MA,2126,1983-04-26,F,Single,US Citizen,No,Black or African American,2013-05-13,,,Active,Production,Kissy Sullivan,Indeed,Exceeds,4.7,3,0,2019-01-14,0,1
192,"Moran, Patrick",1,72106,0,Production Technician II,MA,2127,1976-12-03,M ,Single,US Citizen,No,Black or African American,2012-01-09,,,Active,Production,Kelley Spirea,Diversity Job Fair,Fully Meets,4.1,4,0,2019-01-31,0,12
193,"Morway, Tanya",0,52599,0,Network Engineer,MA,2048,1979-04-04,F,Married,US Citizen,No,White,2015-02-16,,,Active,IT/IS,Peter Monroe,CareerBuilder,Fully Meets,3.81,3,6,2019-02-11,0,6
194,"Motlagh,  Dawn",0,63430,0,Production Technician I,MA,2453,1984-07-07,F,Divorced,US Citizen,No,White,2013-04-01,,,Active,Production,Elijiah Gray,LinkedIn,Fully Meets,4.4,4,0,2019-01-17,0,18
195,"Moumanil, Maliki ",0,74417,0,Production Technician II,MA,1460,1974-12-01,M ,Separated,US Citizen,No,Black or African American,2013-05-13,,,Active,Production,Michael Albert,LinkedIn,Fully Meets,4.29,5,0,2019-01-28,0,11
196,"Myers, Michael",0,57575,0,Production Technician I,MA,1550,1980-04-18,M ,Single,US Citizen,No,Asian,2013-07-08,,,Active,Production,Kissy Sullivan,LinkedIn,Fully Meets,4.1,4,0,2019-01-22,0,13
197,"Navathe, Kurt",0,87921,0,Senior BI Developer,MA,2056,1983-04-26,M ,Single,US Citizen,No,Asian,2017-02-10,,,Active,IT/IS,Brian Champaigne,Indeed,Fully Meets,5.0,3,6,2019-02-25,0,17
198,"Ndzi, Colombui",1,50470,1,Production Technician I,MA,2110,1989-05-02,M ,Single,US Citizen,No,Black or African American,2011-09-26,2014-04-04,return to school,Voluntarily Terminated,Production,Webster Butler,Diversity Job Fair,Fully Meets,4.3,3,0,2013-03-02,0,19
199,"Ndzi, Horia",0,46664,1,Production Technician I,MA,2421,1983-03-28,M ,Married,US Citizen,No,White,2013-04-01,2016-05-25,more money,Voluntarily Terminated,Production,Amy Dunn,Employee Referral,Fully Meets,3.18,3,0,2016-03-06,0,10
200,"Newman, Richard ",0,48495,0,Production Technician I,MA,2136,1977-04-08,M ,Married,US Citizen,No,White,2014-05-12,,,Active,Production,Ketsia Liebig,LinkedIn,Fully Meets,5.0,5,0,2019-02-18,0,11
201,"Ngodup, Shari ",1,52984,0,Production Technician I,MA,1810,1983-04-26,F,Separated,US Citizen,No,Black or African American,2013-04-01,,,Active,Production,Brannon Miller,Diversity Job Fair,Exceeds,4.0,3,0,2019-02-13,0,12
202,"Nguyen, Dheepa",0,63695,0,Area Sales Manager,GA,30428,1989-03-31,F,Single,US Citizen,No,Two or more races,2013-07-08,,,Active,Sales,Lynn Daneault,Indeed,Fully Meets,5.0,5,0,2019-01-25,0,2
203,"Nguyen, Lei-Ming",0,62061,0,Production Technician I,MA,2132,1984-07-07,F,Single,US Citizen,No,White,2013-07-08,,,Active,Production,David Stanley,LinkedIn,Fully Meets,3.6,5,0,2019-01-02,0,4
204,"Nowlan, Kristie",0,66738,0,Production Technician II,MA,1040,1985-11-23,F,Single,US Citizen,No,White,2014-11-10,,,Active,Production,Elijiah Gray,Indeed,Fully Meets,4.53,5,0,2019-01-16,0,5
205,"O'hare, Lynn",0,52674,1,Production Technician I,MA,2152,1980-09-30,F,Single,US Citizen,No,Two or more races,2014-03-31,2018-05-01,performance,Terminated for Cause,Production,Kissy Sullivan,LinkedIn,PIP,2.33,2,0,2018-03-09,6,3
206,"Oliver, Brooke ",0,71966,1,Production Technician II,MA,2492,1983-04-26,F,Married,US Citizen,No,Asian,2012-05-14,2013-08-19,unhappy,Voluntarily Terminated,Production,Webster Butler,LinkedIn,Fully Meets,5.0,3,0,2013-07-02,0,17
207,"Onque, Jasmine",0,63051,0,Area Sales Manager,FL,33174,1990-05-11,F,Single,US Citizen,Yes,White,2013-09-30,,,Active,Sales,Lynn Daneault,Indeed,Fully Meets,4.28,3,0,2019-01-25,0,1
208,"Osturnka, Adeel",0,47414,0,Production Technician I,MA,2478,1976-12-11,M ,Married,US Citizen,No,White,2013-09-30,,,Active,Production,Kelley Spirea,LinkedIn,Exceeds,5.0,3,0,2019-02-07,0,13
209,"Owad, Clinton",0,53060,0,Production Technician I,MA,1760,1979-11-24,M ,Single,US Citizen,No,Black or African American,2014-02-17,,,Active,Production,Michael Albert,LinkedIn,Needs Improvement,4.25,3,0,2019-02-04,4,6
210,"Ozark, Travis",0,68829,0,Area Sales Manager,NC,27229,1982-05-19,M ,Single,US Citizen,No,White,2015-01-05,,,Active,Sales,John Smith,Website,Fully Meets,5.0,5,0,2019-01-14,0,18
211,"Panjwani, Nina",0,63515,1,Production Technician I,MA,2351,1979-05-01,F,Married,US Citizen,No,White,2011-02-07,2014-01-12,Another position,Voluntarily Terminated,Production,Elijiah Gray,Google Search,Fully Meets,3.89,4,0,2013-03-04,0,7
212,"Patronick, Lucas",1,108987,1,Software Engineer,MA,1844,1979-02-20,M ,Single,US Citizen,No,Black or African American,2011-11-07,2015-09-07,Another position,Voluntarily Terminated,Software Engineering,Alex Sweetwater,Diversity Job Fair,Exceeds,5.0,5,3,2015-08-16,0,13
213,"Pearson, Randall",0,93093,1,Data Analyst,MA,2747,1984-09-05,M ,Married,US Citizen,No,White,2014-12-01,2016-05-01,performance,Voluntarily Terminated,IT/IS,Simon Roup,Employee Referral,Fully Meets,4.7,4,5,2016-01-16,0,19
214,"Smith, Martin",0,53564,1,Production Technician I,MA,2458,1988-03-17,M ,Single,US Citizen,No,Black or African American,2011-01-10,2017-12-28,career change,Voluntarily Terminated,Production,Webster Butler,Google Search,Needs Improvement,3.54,5,0,2017-04-06,4,15
215,"Pelletier, Ermine",0,60270,1,Production Technician II,MA,2472,1989-07-18,F,Married,US Citizen,No,Asian,2011-07-05,2015-09-15,unhappy,Voluntarily Terminated,Production,Amy Dunn,CareerBuilder,Needs Improvement,2.4,5,0,2015-02-06,5,2
216,"Perry, Shakira",0,45998,1,Production Technician I,MA,2176,1986-07-20,F,Single,US Citizen,No,White,2011-05-16,2015-10-25,medical issues,Voluntarily Terminated,Production,Amy Dunn,LinkedIn,Fully Meets,3.45,4,0,2014-05-13,0,5
217,"Peters, Lauren",0,57954,1,Production Technician II,MA,1886,1986-08-17,F,Married,US Citizen,No,White,2011-05-16,2013-02-04,more money,Voluntarily Terminated,Production,Ketsia Liebig,Indeed,Exceeds,4.2,5,0,2013-01-10,0,12
218,"Peterson, Ebonee  ",0,74669,1,Production Manager,MA,2030,1977-05-09,F,Married,US Citizen,No,White,2010-10-25,2016-05-18,Another position,Voluntarily Terminated,Production,Janet King,Indeed,Fully Meets,4.16,5,0,2015-03-05,0,6
219,"Petingill, Shana  ",0,74226,0,Production Technician II,MA,2050,1979-03-10,F,Married,Eligible NonCitizen,No,Asian,2012-04-02,,,Active,Production,Brannon Miller,LinkedIn,Fully Meets,4.3,3,0,2019-01-14,0,14
220,"Petrowsky, Thelma",0,93554,0,Data Analyst,MA,1886,1984-09-16,F,Married,US Citizen,No,Black or African American,2014-11-10,,,Active,IT/IS,Simon Roup,Employee Referral,Exceeds,4.6,5,7,2019-01-04,0,16
221,"Pham, Hong",0,64724,1,Production Technician I,MA,2451,1988-03-06,M ,Married,US Citizen,No,Asian,2011-07-05,2012-11-30,more money,Voluntarily Terminated,Production,Brannon Miller,Google Search,Fully Meets,5.0,3,0,2012-02-20,0,13
222,"Pitt, Brad ",0,47001,0,Production Technician I,MA,2451,1981-11-23,M ,Single,US Citizen,No,White,2007-11-05,,,Active,Production,David Stanley,Google Search,Fully Meets,3.66,3,0,2019-02-25,0,15
223,"Potts, Xana",0,61844,0,Area Sales Manager,KY,40220,1988-08-29,F,Married,US Citizen,No,Black or African American,2012-01-09,,,Active,Sales,Lynn Daneault,Website,Fully Meets,4.2,5,0,2019-02-01,0,9
224,"Power, Morissa",0,46799,1,Production Technician I,MA,1742,1984-10-15,F,Divorced,Eligible NonCitizen,No,Asian,2011-05-16,2018-06-04,Another position,Voluntarily Terminated,Production,Kissy Sullivan,Google Search,Fully Meets,3.17,4,0,2018-04-02,0,14
225,"Punjabhi, Louis  ",0,59472,0,Production Technician I,MA,2109,1983-04-26,M ,Single,US Citizen,No,White,2014-01-06,,,Active,Production,Kelley Spirea,Employee Referral,Fully Meets,4.8,3,0,2019-01-07,0,14
226,"Purinton, Janine",0,46430,1,Production Technician I,MA,2474,1983-04-26,F,Divorced,US Citizen,No,White,2012-09-24,2013-06-18,unhappy,Voluntarily Terminated,Production,Kissy Sullivan,Indeed,Fully Meets,4.5,5,0,2013-04-02,0,16
227,"Quinn, Sean",1,83363,1,Software Engineer,MA,2045,1984-11-06,M ,Married,Eligible NonCitizen,No,Black or African American,2011-02-21,2015-08-15,career change,Voluntarily Terminated,Software Engineering,Janet King,Diversity Job Fair,Fully Meets,4.15,4,0,2014-04-19,0,4
228,"Rachael, Maggie",0,95920,0,BI Developer,MA,2110,1980-05-12,F,Married,US Citizen,No,Black or African American,2016-10-02,,,Active,IT/IS,Brian Champaigne,Indeed,Fully Meets,4.4,4,6,2019-02-06,0,10
229,"Rarrick, Quinn",0,61729,1,Production Technician I,MA,2478,1984-12-31,M ,Divorced,US Citizen,No,White,2011-09-26,2018-04-07,more money,Voluntarily Terminated,Production,Michael Albert,Indeed,Fully Meets,3.8,5,0,2018-02-04,0,19
230,"Ren, Kylo",0,61809,0,Area Sales Manager,ID,83706,1983-04-26,M ,Married,US Citizen,No,White,2014-05-12,,,Active,Sales,John Smith,CareerBuilder,Fully Meets,3.98,3,0,2019-01-28,0,4
231,"Rhoads, Thomas",0,45115,1,Production Technician I,MA,2176,1982-07-22,M ,Divorced,US Citizen,Yes,White,2011-05-16,2016-01-15,retiring,Voluntarily Terminated,Production,Elijiah Gray,LinkedIn,Fully Meets,5.0,4,0,2015-03-30,0,11
232,"Rivera, Haley  ",0,46738,0,Production Technician I,MA,2171,1983-04-26,F,Married,US Citizen,No,Asian,2011-11-28,,,Active,Production,Webster Butler,Google Search,Exceeds,4.36,5,0,2019-02-11,0,16
233,"Roberson, May",0,64971,1,Production Technician II,MA,1902,1981-09-05,F,Divorced,Eligible NonCitizen,No,Black or African American,2011-09-26,2011-10-22,return to school,Voluntarily Terminated,Production,David Stanley,Google Search,Fully Meets,4.5,4,0,2011-10-22,0,10
234,"Robertson, Peter",0,55578,1,Production Technician II,MA,2138,1983-04-26,M ,Married,US Citizen,No,White,2011-07-05,2012-02-08,Another position,Voluntarily Terminated,Production,Kissy Sullivan,Indeed,Fully Meets,4.2,5,0,2012-01-06,0,13
235,"Robinson, Alain  ",0,50428,1,Production Technician I,MA,1420,1974-01-07,M ,Married,US Citizen,No,Black or African American,2011-01-10,2016-01-26,attendance,Voluntarily Terminated,Production,Amy Dunn,Indeed,Fully Meets,5.0,3,0,2015-01-10,0,11
236,"Robinson, Cherly",0,61422,1,Production Technician I,MA,1460,1985-01-07,F,Married,US Citizen,No,White,2011-01-10,2016-05-17,attendance,Terminated for Cause,Production,Ketsia Liebig,Indeed,Needs Improvement,3.6,3,0,2016-04-05,4,16
237,"Robinson, Elias",0,63353,0,Production Technician I,MA,1730,1985-01-28,M ,Widowed,US Citizen,No,White,2013-07-08,,,Active,Production,Brannon Miller,Employee Referral,Exceeds,3.6,5,0,2019-02-11,0,4
238,"Roby, Lori ",0,89883,0,Data Analyst,MA,1886,1981-10-11,F,Married,US Citizen,No,White,2015-02-16,,,Active,IT/IS,Simon Roup,Employee Referral,Fully Meets,3.69,5,6,2019-02-14,0,15
239,"Roehrich, Bianca",0,120000,1,Principal Data Architect,MA,2703,1983-04-26,F,Single,US Citizen,Yes,White,2015-01-05,2018-11-10,Another position,Voluntarily Terminated,IT/IS,Simon Roup,LinkedIn,Fully Meets,3.88,3,7,2018-02-13,0,12
240,"Roper, Katie",0,150290,0,Data Architect,MA,2056,1983-04-26,F,Single,US Citizen,No,Black or African American,2017-01-07,,,Active,IT/IS,Brian Champaigne,Indeed,Fully Meets,4.94,3,5,2019-02-06,0,17
241,"Rose, Ashley  ",0,60627,0,Production Technician I,MA,1886,1974-12-05,F,Separated,US Citizen,No,White,2014-01-06,,,Active,Production,David Stanley,Website,Fully Meets,5.0,4,0,2019-01-31,0,8
242,"Rossetti, Bruno",0,53180,1,Production Technician I,MA,2155,1987-03-18,M ,Single,US Citizen,No,White,2011-04-04,2018-08-13,Another position,Voluntarily Terminated,Production,Kissy Sullivan,Google Search,Fully Meets,5.0,5,0,2018-07-02,0,4
243,"Roup,Simon",0,140920,0,IT Manager - DB,MA,2481,1983-04-26,M ,Single,US Citizen,No,White,2013-01-20,,,Active,IT/IS,Jennifer Zamora,Indeed,Fully Meets,3.6,5,7,2019-02-18,0,13
244,"Ruiz, Ricardo",1,148999,1,IT Manager - DB,MA,1915,1983-04-26,M ,Divorced,US Citizen,No,Black or African American,2012-01-09,2015-11-04,hours,Voluntarily Terminated,IT/IS,Jennifer Zamora,Diversity Job Fair,Fully Meets,4.3,4,6,2015-01-04,0,8
245,"Saada, Adell",0,86214,0,Software Engineer,MA,2132,1986-07-24,F,Married,US Citizen,No,White,2012-11-05,,,Active,Software Engineering,Alex Sweetwater,Indeed,Fully Meets,4.2,3,6,2019-02-13,0,2
246,"Saar-Beckles, Melinda",1,47750,0,Production Technician I,MA,1801,1983-04-26,F,Single,US Citizen,No,Black or African American,2016-07-04,,,Active,Production,Kelley Spirea,Diversity Job Fair,Needs Improvement,2.6,4,0,2019-02-18,5,4
247,"Sadki, Nore  ",0,46428,1,Production Technician I,MA,2148,1974-12-21,M ,Single,US Citizen,No,White,2009-01-05,2018-07-30,relocation out of area,Voluntarily Terminated,Production,Michael Albert,Google Search,Fully Meets,4.6,5,0,2018-02-05,0,7
248,"Sahoo, Adil",0,57975,0,Production Technician II,MA,2062,1986-04-26,M ,Married,US Citizen,No,White,2010-08-30,,,Active,Production,Kelley Spirea,CareerBuilder,Fully Meets,4.1,3,0,2019-01-10,0,13
249,"Salter, Jason",0,88527,1,Data Analyst,MA,2452,1987-12-17,M ,Divorced,US Citizen,No,Black or African American,2015-01-05,2015-10-31,hours,Voluntarily Terminated,IT/IS,Simon Roup,LinkedIn,Fully Meets,4.2,3,5,2015-04-20,0,2
250,"Sander, Kamrin",0,56147,0,Production Technician I,MA,2154,1988-07-10,F,Married,US Citizen,No,Black or African American,2014-09-29,,,Active,Production,Elijiah Gray,LinkedIn,Fully Meets,3.51,3,0,2019-02-18,0,2
251,"Sewkumar, Nori",0,50923,0,Production Technician I,MA,2191,1975-03-10,F,Single,US Citizen,No,Asian,2013-09-30,,,Active,Production,Webster Butler,Google Search,Fully Meets,5.0,5,0,2019-02-06,0,14
252,"Shepard, Anita ",0,50750,0,Network Engineer,MA,1773,1981-04-14,F,Married,US Citizen,No,White,2014-09-30,,,Active,IT/IS,Peter Monroe,LinkedIn,Fully Meets,3.31,3,6,2019-01-07,0,7
253,"Shields, Seffi",0,52087,0,Production Technician I,MA,2149,1985-08-24,F,Married,US Citizen,No,White,2013-08-19,,,Active,Production,Amy Dunn,LinkedIn,Fully Meets,4.81,4,0,2019-02-15,0,15
254,"Simard, Kramer",0,87826,0,Data Analyst,MA,2110,1983-04-26,M ,Married,US Citizen,Yes,White,2015-01-05,,,Active,IT/IS,Simon Roup,Employee Referral,Fully Meets,3.32,3,7,2019-01-14,0,16
255,"Singh, Nan ",0,51920,0,Administrative Assistant,MA,2330,1988-05-19,F,Single,US Citizen,No,White,2015-05-01,,,Active,Admin Offices,Brandon R. LeBlanc,Website,Fully Meets,5.0,3,5,2019-01-15,0,2
256,"Sloan, Constance",0,63878,1,Production Technician II,MA,1851,1987-11-25,F,Single,US Citizen,No,White,2009-10-26,2015-04-08,maternity leave - did not return,Voluntarily Terminated,Production,Michael Albert,CareerBuilder,Fully Meets,4.68,4,0,2015-04-02,0,20
257,"Smith, Joe",0,60656,0,Production Technician II,MA,2045,1983-04-26,M ,Single,US Citizen,No,White,2014-09-29,,,Active,Production,Elijiah Gray,Indeed,Exceeds,4.3,3,0,2019-01-28,0,4
258,"Smith, John",1,72992,0,Sales Manager,MA,1886,1984-08-16,M ,Divorced,US Citizen,No,Black or African American,2014-05-18,,,Active,Sales,Debra Houlihan,Diversity Job Fair,Needs Improvement,2.4,4,0,2019-01-16,2,16
259,"Smith, Leigh Ann",1,55000,1,Administrative Assistant,MA,1844,1987-06-14,F,Married,US Citizen,No,Black or African American,2011-09-26,2013-09-25,career change,Voluntarily Terminated,Admin Offices,Brandon R. LeBlanc,Diversity Job Fair,Fully Meets,3.8,4,4,2013-08-15,0,17
260,"Smith, Sade",0,58939,0,Production Technician I,MA,2130,1983-04-26,F,Single,US Citizen,No,White,2013-11-11,,,Active,Production,Ketsia Liebig,Employee Referral,Fully Meets,3.73,3,0,2019-01-24,0,16
261,"Soto, Julia ",0,66593,0,IT Support,MA,2360,1983-04-26,F,Married,US Citizen,No,Black or African American,2011-06-10,,,Active,IT/IS,Eric Dougall,LinkedIn,Fully Meets,4.3,3,5,2019-02-08,0,19
262,"Soze, Keyser",0,87565,0,Sr. Network Engineer,MA,1545,1983-02-09,M ,Married,US Citizen,No,Asian,2016-06-30,,,Active,IT/IS,Peter Monroe,LinkedIn,Fully Meets,3.27,4,5,2019-01-14,0,13
263,"Sparks, Taylor  ",0,64021,0,Production Technician I,MA,2093,1983-04-26,F,Married,US Citizen,No,White,2012-02-20,,,Active,Production,Brannon Miller,Indeed,PIP,2.4,2,1,2019-02-25,6,20
264,"Spirea, Kelley",0,65714,0,Production Manager,MA,2451,1975-09-30,F,Married,US Citizen,No,White,2012-10-02,,,Active,Production,Janet King,LinkedIn,Fully Meets,4.83,5,0,2019-02-14,0,15
265,"Squatrito, Kristen",0,62425,1,Production Technician I,MA,2359,1983-04-26,F,Divorced,US Citizen,No,White,2013-05-13,2015-06-29,unhappy,Voluntarily Terminated,Production,David Stanley,LinkedIn,Exceeds,4.1,4,0,2015-03-02,0,16
266,"Stanford,Barbara  M",0,47961,0,Production Technician I,MA,2050,1982-08-25,F,Divorced,US Citizen,No,Two or more races,2011-01-10,,,Active,Production,Kissy Sullivan,Google Search,Fully Meets,4.1,4,0,2019-02-07,0,9
267,"Stansfield, Norman",0,58273,0,Area Sales Manager,NV,89139,1974-05-09,M ,Married,US Citizen,No,White,2014-05-12,,,Active,Sales,Lynn Daneault,Website,PIP,1.81,2,0,2019-01-17,3,5
268,"Steans, Tyrone  ",0,63003,0,Accountant I,MA,2703,1986-09-01,M ,Single,US Citizen,No,White,2014-09-29,,,Active,Admin Offices,Brandon R. LeBlanc,Indeed,Fully Meets,3.9,5,5,2019-01-18,0,9
269,"Stoica, Rick",0,61355,0,Production Technician I,MA,2301,1985-03-14,M ,Married,US Citizen,No,Asian,2014-02-17,,,Active,Production,Kelley Spirea,LinkedIn,Fully Meets,4.7,3,0,2019-01-11,0,4
270,"Strong, Caitrin",0,60120,0,Area Sales Manager,MT,59102,1989-05-12,F,Married,US Citizen,No,Black or African American,2010-09-27,,,Active,Sales,John Smith,Indeed,Fully Meets,4.1,4,0,2019-01-31,0,18
271,"Sullivan, Kissy ",0,63682,0,Production Manager,MA,1776,1978-03-28,F,Married,US Citizen,No,Black or African American,2009-01-08,,,Active,Production,Janet King,Indeed,Fully Meets,3.73,4,0,2019-01-24,0,12
272,"Sullivan, Timothy",0,63025,0,Production Technician I,MA,2747,1982-10-07,M ,Married,US Citizen,Yes,White,2015-01-05,,,Active,Production,Michael Albert,Google Search,Fully Meets,4.36,5,0,2019-01-24,0,10
273,"Sutwell, Barbara",0,59238,0,Production Technician I,MA,2718,1983-04-26,F,Single,Eligible NonCitizen,No,Asian,2012-05-14,,,Active,Production,Elijiah Gray,Indeed,Fully Meets,3.4,5,0,2019-01-31,0,13
274,"Szabo, Andrew",0,92989,0,Software Engineer,MA,2140,1983-05-06,M ,Single,US Citizen,No,White,2014-07-07,,,Active,Software Engineering,Alex Sweetwater,LinkedIn,Exceeds,4.5,5,5,2019-02-18,0,1
275,"Tannen, Biff",0,90100,0,BI Developer,MA,2134,1987-10-24,M ,Married,US Citizen,No,White,2017-04-20,,,Active,IT/IS,Brian Champaigne,Indeed,Fully Meets,3.4,3,6,2019-01-02,0,14
276,"Tavares, Desiree  ",1,60754,1,Production Technician I,MA,1801,1975-04-03,F,Married,Non-Citizen,No,Black or African American,2009-04-27,2013-04-01,Another position,Voluntarily Terminated,Production,Webster Butler,Diversity Job Fair,Fully Meets,4.5,5,0,2012-02-15,0,11
277,"Tejeda, Lenora ",0,72202,1,Production Technician II,MA,2129,1983-04-26,F,Married,US Citizen,No,White,2011-05-16,2017-07-08,Another position,Voluntarily Terminated,Production,Elijiah Gray,Google Search,Fully Meets,3.93,3,0,2017-04-18,0,3
278,"Terry, Sharlene ",0,58370,0,Area Sales Manager,OR,97756,1983-04-26,F,Single,US Citizen,No,Black or African American,2014-09-29,,,Active,Sales,Lynn Daneault,Indeed,Fully Meets,3.69,3,0,2019-01-28,0,18
279,"Theamstern, Sophia",0,48413,1,Production Technician I,MA,2066,1983-04-26,F,Single,US Citizen,No,White,2011-07-05,2016-09-05,return to school,Voluntarily Terminated,Production,Amy Dunn,Indeed,Fully Meets,3.98,4,0,2016-03-02,0,1
280,"Thibaud, Kenneth",0,67176,1,Production Technician II,MA,2472,1975-09-16,M ,Widowed,US Citizen,No,White,2007-06-25,2010-08-30,military,Voluntarily Terminated,Production,Webster Butler,Other,Fully Meets,4.1,4,0,2010-07-14,0,15
281,"Tippett, Jeanette",0,56339,0,Production Technician I,MA,2093,1983-04-26,F,Divorced,US Citizen,No,Black or African American,2013-02-18,,,Active,Production,Brannon Miller,Indeed,Fully Meets,4.21,5,0,2019-01-14,0,4
282,"Torrence, Jack",0,64397,0,Area Sales Manager,ND,58782,1983-04-26,M ,Separated,US Citizen,No,White,2006-01-09,,,Active,Sales,Lynn Daneault,Indeed,Exceeds,4.1,3,0,2019-01-04,0,6
283,"Trang, Mei",0,63025,0,Production Technician I,MA,2021,1983-05-16,F,Single,US Citizen,No,White,2014-02-17,,,Active,Production,David Stanley,LinkedIn,Needs Improvement,2.44,5,0,2019-02-11,4,18
284,"Tredinnick, Neville ",0,75281,1,Network Engineer,MA,1420,1988-05-05,M ,Married,US Citizen,No,White,2015-01-05,2016-02-12,medical issues,Voluntarily Terminated,IT/IS,Peter Monroe,CareerBuilder,Fully Meets,5.0,3,5,2015-04-15,0,11
285,"True, Edward",1,100416,1,Software Engineer,MA,2451,1983-06-14,M ,Single,Non-Citizen,No,Black or African American,2013-02-18,2018-04-15,medical issues,Voluntarily Terminated,Software Engineering,Alex Sweetwater,Diversity Job Fair,Fully Meets,4.6,3,4,2017-02-12,0,9
286,"Trzeciak, Cybil",0,74813,1,Production Technician II,MA,1778,1985-03-15,F,Single,US Citizen,No,White,2011-01-10,2014-07-02,unhappy,Voluntarily Terminated,Production,Amy Dunn,LinkedIn,Fully Meets,4.4,3,0,2014-01-05,0,5
287,"Turpin, Jumil",0,76029,0,Network Engineer,MA,2343,1983-04-26,M ,Married,Eligible NonCitizen,No,White,2015-03-30,,,Active,IT/IS,Peter Monroe,Employee Referral,Fully Meets,5.0,4,7,2019-01-14,0,8
288,"Valentin,Jackie",0,57859,0,Area Sales Manager,AZ,85006,1991-05-23,F,Married,US Citizen,No,Two or more races,2011-07-05,,,Active,Sales,John Smith,Indeed,Fully Meets,2.81,3,0,2019-01-17,0,16
289,"Veera, Abdellah ",0,58523,1,Production Technician I,MA,2171,1987-01-31,M ,Divorced,US Citizen,No,White,2012-08-13,2016-02-05,maternity leave - did not return,Voluntarily Terminated,Production,Kissy Sullivan,LinkedIn,Exceeds,4.5,5,0,2016-02-01,0,15
290,"Vega, Vincent",0,88976,0,Production Manager,MA,2169,1983-04-26,M ,Divorced,US Citizen,No,White,2011-08-01,,,Active,Production,Janet King,Employee Referral,Fully Meets,3.93,3,0,2019-02-27,0,19
291,"Villanueva, Noah",0,55875,0,Area Sales Manager,ME,4063,1989-07-11,M ,Single,US Citizen,No,Asian,2012-03-05,,,Active,Sales,John Smith,Website,Fully Meets,4.5,4,0,2019-01-18,0,11
292,"Voldemort, Lord",0,113999,1,Database Administrator,MA,1960,1986-08-07,M ,Married,US Citizen,No,Black or African American,2015-02-16,2017-02-22,"no-call, no-show",Terminated for Cause,IT/IS,Simon Roup,Employee Referral,Fully Meets,4.33,3,7,2017-02-15,0,9
293,"Volk, Colleen",0,49773,1,Production Technician I,MA,2747,1986-06-03,F,Married,US Citizen,No,White,2011-09-26,2016-02-08,gross misconduct,Terminated for Cause,Production,Kelley Spirea,Google Search,Exceeds,4.3,5,0,2015-02-01,0,18
294,"Von Massenbach, Anna",0,62068,0,Production Technician I,MA,2124,1985-04-06,F,Single,US Citizen,No,White,2015-07-05,,,Active,Production,Michael Albert,LinkedIn,Fully Meets,3.21,3,0,2019-01-29,0,7
295,"Walker, Roger",0,66541,0,Production Technician II,MA,2459,1976-02-10,M ,Single,US Citizen,No,Black or African American,2014-08-18,,,Active,Production,Ketsia Liebig,Employee Referral,Fully Meets,3.11,5,0,2019-02-12,0,4
296,"Wallace, Courtney  E",1,80512,1,Production Manager,MA,2478,1983-04-26,F,Married,US Citizen,No,Black or African American,2011-09-26,2012-01-02,Another position,Voluntarily Terminated,Production,Janet King,Diversity Job Fair,Fully Meets,4.5,3,0,2012-01-02,0,5
297,"Wallace, Theresa",0,50274,1,Production Technician I,MA,1887,1980-08-02,F,Single,US Citizen,No,White,2012-08-13,2015-09-01,career change,Voluntarily Terminated,Production,Elijiah Gray,CareerBuilder,Needs Improvement,2.5,3,0,2014-09-05,6,13
298,"Wang, Charlie",0,84903,0,Senior BI Developer,MA,1887,1981-07-08,M ,Single,US Citizen,No,Asian,2017-02-15,,,Active,IT/IS,Brian Champaigne,Indeed,Fully Meets,3.42,4,7,2019-01-04,0,17
299,"Warfield, Sarah",0,107226,0,Sr. Network Engineer,MA,2453,1978-05-02,F,Widowed,US Citizen,No,Asian,2015-03-30,,,Active,IT/IS,Peter Monroe,Employee Referral,Fully Meets,4.2,4,8,2019-02-05,0,7
300,"Whittier, Scott",0,58371,1,Production Technician I,MA,2030,1987-05-24,M ,Single,US Citizen,Yes,White,2011-01-10,2014-05-15,hours,Voluntarily Terminated,Production,Webster Butler,LinkedIn,Fully Meets,5.0,5,0,2014-05-15,0,11
301,"Wilber, Barry",0,55140,1,Production Technician I,MA,2324,1983-04-26,M ,Married,Eligible NonCitizen,No,White,2011-05-16,2015-09-07,unhappy,Voluntarily Terminated,Production,Amy Dunn,Website,Fully Meets,5.0,3,0,2015-02-15,0,7
302,"Wilkes, Annie",0,58062,1,Production Technician I,MA,1876,1983-07-30,F,Divorced,US Citizen,No,White,2011-01-10,2012-05-14,Another position,Voluntarily Terminated,Production,Ketsia Liebig,Google Search,Fully Meets,3.6,5,0,2011-02-06,0,9
303,"Williams, Jacquelyn  ",1,59728,1,Production Technician I,MA,2109,1983-04-26,F,Single,US Citizen,Yes,Black or African American,2012-01-09,2015-06-27,relocation out of area,Voluntarily Terminated,Production,Ketsia Liebig,Diversity Job Fair,Fully Meets,4.3,4,0,2014-06-02,0,16
304,"Winthrop, Jordan  ",0,70507,1,Production Technician II,MA,2045,1983-04-26,M ,Single,US Citizen,No,White,2013-01-07,2016-02-21,retiring,Voluntarily Terminated,Production,Brannon Miller,LinkedIn,Exceeds,5.0,3,0,2016-01-19,0,7
305,"Wolk, Hang  T",0,60446,0,Production Technician II,MA,2302,1985-04-20,F,Single,US Citizen,No,White,2014-09-29,,,Active,Production,David Stanley,LinkedIn,Fully Meets,3.4,4,0,2019-02-21,0,14
306,"Woodson, Jason",0,65893,0,Production Technician II,MA,1810,1985-05-11,M ,Single,US Citizen,No,White,2014-07-07,,,Active,Production,Kissy Sullivan,LinkedIn,Fully Meets,4.07,4,0,2019-02-28,0,13
307,"Ybarra, Catherine ",0,48513,1,Production Technician I,MA,2458,1982-05-04,F,Single,US Citizen,No,Asian,2008-09-02,2015-09-29,Another position,Voluntarily Terminated,Production,Brannon Miller,Google Search,PIP,3.2,2,0,2015-09-02,5,4
308,"Zamora, Jennifer",0,220450,0,CIO,MA,2067,1979-08-30,F,Single,US Citizen,No,White,2010-04-10,,,Active,IT/IS,Janet King,Employee Referral,Exceeds,4.6,5,6,2019-02-21,0,16
309,"Zhou, Julia",0,89292,0,Data Analyst,MA,2148,1979-02-24,F,Single,US Citizen,No,White,2015-03-30,,,Active,IT/IS,Simon Roup,Employee Referral,Fully Meets,5.0,3,5,2019-02-01,0,11
310,"Zima, Colleen",0,45046,0,Production Technician I,MA,1730,1978-08-17,F,Widowed,US Citizen,No,Asian,2014-09-29,,,Active,Production,David Stanley,LinkedIn,Fully Meets,4.5,5,0,2019-01-30,0,2
